antigen.epitope	antigen.gene	antigen.species	cdr3.alpha	cdr3.beta	j.alpha	j.beta	v.alpha	v.beta	mhc.a	recognition	vseq.alpha	jseq.alpha	vseq.beta	jseq.beta	full.alpha	full.beta
LLWNGPMAV			CAVGAQKLVF	CASSIGVHGYTF	TRAJ54*01	TRBJ1-2*01	TRAV12-2*01	TRBV19*01		0	QKEVEQNSGPLSVPEGAIASLNCTYSDRGSQSFFWYRQYSGKSPELIMFIYSNGDKEDGRFTAQLNKASQYVSLLIRDSQPSDSATYLCAVN	IQGAQKLVFGQGTRLTINP	DGGITQSPKYLFRKEGQNVTLSCEQNLNHDAMYWYRQDPGQGLRLIYYSQIVNDFQKGDIAEGYSVSREKKESFPLTVTSAQKNPTAFYLCASSI	NYGYTFGSGTRLTVV	QKEVEQNSGPLSVPEGAIASLNCTYSDRGSQSFFWYRQYSGKSPELIMFIYSNGDKEDGRFTAQLNKASQYVSLLIRDSQPSDSATYLCAVGAQKLVFGQGTRLTINP	DGGITQSPKYLFRKEGQNVTLSCEQNLNHDAMYWYRQDPGQGLRLIYYSQIVNDFQKGDIAEGYSVSREKKESFPLTVTSAQKNPTAFYLCASSIGVHGYTFGSGTRLTVV
GILGFVFTL			CAELGQKLLF	CASSGRSGIEQYF		TRBJ2-7*01	TRAV5*01	TRBV19*01		0	GEDVEQSLFLSVREGDSSVINCTYTDSSSTYLYWYKQEPGAGLQLLTYIFSNMDMKQDQRLTVLLNKKDKHLSLRIADTQTGDSAIYFCAES	FSDGQKLLFARGTMLKVDL	DGGITQSPKYLFRKEGQNVTLSCEQNLNHDAMYWYRQDPGQGLRLIYYSQIVNDFQKGDIAEGYSVSREKKESFPLTVTSAQKNPTAFYLCASSI	SYEQYFGPGTRLTVT	GEDVEQSLFLSVREGDSSVINCTYTDSSSTYLYWYKQEPGAGLQLLTYIFSNMDMKQDQRLTVLLNKKDKHLSLRIADTQTGDSAIYFCAELGQKLLFARGTMLKVDL	DGGITQSPKYLFRKEGQNVTLSCEQNLNHDAMYWYRQDPGQGLRLIYYSQIVNDFQKGDIAEGYSVSREKKESFPLTVTSAQKNPTAFYLCASSGRSGIEQYFGPGTRLTVT
GILGFVFTL	M	InfluenzaA	CAVNGGGGSQGNLIF	CASSTRAANEQFF	TRAJ42*01	TRBJ2-1*01	TRAV12-2*01	TRBV19*01	HLA-A*02:01	1	QKEVEQNSGPLSVPEGAIASLNCTYSDRGSQSFFWYRQYSGKSPELIMFIYSNGDKEDGRFTAQLNKASQYVSLLIRDSQPSDSATYLCAVN	NYGGSQGNLIFGKGTKLSVKP	DGGITQSPKYLFRKEGQNVTLSCEQNLNHDAMYWYRQDPGQGLRLIYYSQIVNDFQKGDIAEGYSVSREKKESFPLTVTSAQKNPTAFYLCASSI	SYNEQFFGPGTRLTVL	QKEVEQNSGPLSVPEGAIASLNCTYSDRGSQSFFWYRQYSGKSPELIMFIYSNGDKEDGRFTAQLNKASQYVSLLIRDSQPSDSATYLCAVNGGGGSQGNLIFGKGTKLSVKP	DGGITQSPKYLFRKEGQNVTLSCEQNLNHDAMYWYRQDPGQGLRLIYYSQIVNDFQKGDIAEGYSVSREKKESFPLTVTSAQKNPTAFYLCASSTRAANEQFFGPGTRLTVL
GILGFVFTL	M	InfluenzaA	CAGASGSSNTGKLIF	CASSIRSGWEQYF	TRAJ37*01	TRBJ2-7*01	TRAV27*01	TRBV19*01	HLA-A*02:01	1	TQLLEQSPQFLSIQEGENLTVYCNSSSVFSSLQWYRQEPGEGPVLLVTVVTGGEVKKLKRLTFQFGDARKDSSLHITAAQPGDTGLYLCAG	GSGNTGKLIFGQGTTLQVKP	DGGITQSPKYLFRKEGQNVTLSCEQNLNHDAMYWYRQDPGQGLRLIYYSQIVNDFQKGDIAEGYSVSREKKESFPLTVTSAQKNPTAFYLCASSI	SYEQYFGPGTRLTVT	TQLLEQSPQFLSIQEGENLTVYCNSSSVFSSLQWYRQEPGEGPVLLVTVVTGGEVKKLKRLTFQFGDARKDSSLHITAAQPGDTGLYLCAGASGSSNTGKLIFGQGTTLQVKP	DGGITQSPKYLFRKEGQNVTLSCEQNLNHDAMYWYRQDPGQGLRLIYYSQIVNDFQKGDIAEGYSVSREKKESFPLTVTSAQKNPTAFYLCASSIRSGWEQYFGPGTRLTVT
GILGFVFTL	M	InfluenzaA	CAGPLAGGSQGNLIF	CASSIYSNQPQHF	TRAJ42*01	TRBJ1-5*01	TRAV27*01	TRBV19*01	HLA-A*02:01	1	TQLLEQSPQFLSIQEGENLTVYCNSSSVFSSLQWYRQEPGEGPVLLVTVVTGGEVKKLKRLTFQFGDARKDSSLHITAAQPGDTGLYLCAG	NYGGSQGNLIFGKGTKLSVKP	DGGITQSPKYLFRKEGQNVTLSCEQNLNHDAMYWYRQDPGQGLRLIYYSQIVNDFQKGDIAEGYSVSREKKESFPLTVTSAQKNPTAFYLCASSI	SNQPQHFGDGTRLSIL	TQLLEQSPQFLSIQEGENLTVYCNSSSVFSSLQWYRQEPGEGPVLLVTVVTGGEVKKLKRLTFQFGDARKDSSLHITAAQPGDTGLYLCAGPLAGGSQGNLIFGKGTKLSVKP	DGGITQSPKYLFRKEGQNVTLSCEQNLNHDAMYWYRQDPGQGLRLIYYSQIVNDFQKGDIAEGYSVSREKKESFPLTVTSAQKNPTAFYLCASSIYSNQPQHFGDGTRLSIL
GILGFVFTL	M	InfluenzaA	CALKNNDMRF	CASSWRSTDTQYF	TRAJ43*01	TRBJ2-3*01	TRAV16*01	TRBV19*01	HLA-A*02:01	1	AQRVTQPEKLLSVFKGAPVELKCNYSYSGSPELFWYVQYSRQRLQLLLRHISRESIKGFTADLNKGETSFHLKKPFAQEEDSAMYYCALS	NNNDMRFGAGTRLTVKP	DGGITQSPKYLFRKEGQNVTLSCEQNLNHDAMYWYRQDPGQGLRLIYYSQIVNDFQKGDIAEGYSVSREKKESFPLTVTSAQKNPTAFYLCASSI	STDTQYFGPGTRLTVL	AQRVTQPEKLLSVFKGAPVELKCNYSYSGSPELFWYVQYSRQRLQLLLRHISRESIKGFTADLNKGETSFHLKKPFAQEEDSAMYYCALKNNDMRFGAGTRLTVKP	DGGITQSPKYLFRKEGQNVTLSCEQNLNHDAMYWYRQDPGQGLRLIYYSQIVNDFQKGDIAEGYSVSREKKESFPLTVTSAQKNPTAFYLCASSWRSTDTQYFGPGTRLTVL
GILGFVFTL	M	InfluenzaA	CAVHLSAYSGAGSYQLTF	CASSQDKGRAYEQYF	TRAJ28*01	TRBJ2-7*01	TRAV12-2*01	TRBV4-1*01	HLA-A*02:01	1	QKEVEQNSGPLSVPEGAIASLNCTYSDRGSQSFFWYRQYSGKSPELIMFIYSNGDKEDGRFTAQLNKASQYVSLLIRDSQPSDSATYLCAVN	YSGAGSYQLTFGKGTKLSVIP	DTEVTQTPKHLVMGMTNKKSLKCEQHMGHRAMYWYKQKAKKPPELMFVYSYEKLSINESVPSRFSPECPNSSLLNLHLHALQPEDSALYLCASSQ	SYEQYFGPGTRLTVT	QKEVEQNSGPLSVPEGAIASLNCTYSDRGSQSFFWYRQYSGKSPELIMFIYSNGDKEDGRFTAQLNKASQYVSLLIRDSQPSDSATYLCAVHLSAYSGAGSYQLTFGKGTKLSVIP	DTEVTQTPKHLVMGMTNKKSLKCEQHMGHRAMYWYKQKAKKPPELMFVYSYEKLSINESVPSRFSPECPNSSLLNLHLHALQPEDSALYLCASSQDKGRAYEQYFGPGTRLTVT
LLWNGPMAV	NS4B	YFV	CAGNDYKLSF	CATSGGGAYEQYF	TRAJ20*01	TRBJ2-7*01	TRAV12-2*01	TRBV15*01	HLA-A*02:01	1	QKEVEQNSGPLSVPEGAIASLNCTYSDRGSQSFFWYRQYSGKSPELIMFIYSNGDKEDGRFTAQLNKASQYVSLLIRDSQPSDSATYLCAVN	SNDYKLSFGAGTTVTVRA	DAMVIQNPRYQVTQFGKPVTLSCSQTLNHNVMYWYQQKSSQAPKLLFHYYDKDFNNEADTPDNFQSRRPNTSFCFLDIRSPGLGDTAMYLCATSR	SYEQYFGPGTRLTVT	QKEVEQNSGPLSVPEGAIASLNCTYSDRGSQSFFWYRQYSGKSPELIMFIYSNGDKEDGRFTAQLNKASQYVSLLIRDSQPSDSATYLCAGNDYKLSFGAGTTVTVRA	DAMVIQNPRYQVTQFGKPVTLSCSQTLNHNVMYWYQQKSSQAPKLLFHYYDKDFNNEADTPDNFQSRRPNTSFCFLDIRSPGLGDTAMYLCATSGGGAYEQYFGPGTRLTVT
LLWNGPMAV	NS4B	YFV	CAVTGDKIIF	CASSGGTSGAYEQYF	TRAJ30*01	TRBJ2-7*01	TRAV12-2*01	TRBV10-2*01	HLA-A*02:01	1	QKEVEQNSGPLSVPEGAIASLNCTYSDRGSQSFFWYRQYSGKSPELIMFIYSNGDKEDGRFTAQLNKASQYVSLLIRDSQPSDSATYLCAVN	NRDDKIIFGKGTRLHILP	DAGITQSPRYKITETGRQVTLMCHQTWSHSYMFWYRQDLGHGLRLIYYSAAADITDKGEVPDGYVVSRSKTENFPLTLESATRSQTSVYFCASSE	SYEQYFGPGTRLTVT	QKEVEQNSGPLSVPEGAIASLNCTYSDRGSQSFFWYRQYSGKSPELIMFIYSNGDKEDGRFTAQLNKASQYVSLLIRDSQPSDSATYLCAVTGDKIIFGKGTRLHILP	DAGITQSPRYKITETGRQVTLMCHQTWSHSYMFWYRQDLGHGLRLIYYSAAADITDKGEVPDGYVVSRSKTENFPLTLESATRSQTSVYFCASSGGTSGAYEQYFGPGTRLTVT
NLVPMVATV	pp65	CMV	CALSDGYSGGGADGLTF	CASRPDGRETQYF		TRBJ2-5*01	TRAV19*01	TRBV12-3*01	HLA-A*02:01	1	AQKVTQAQTEISVVEKEDVTLDCVYETRDTTYYLFWYKQPPSGELVFLIRRNSFDEQNEISGRYSWNFQKSTSSFNFTITASQVVDSAVYFCALSE	YSGGGADGLTFGKGTHLIIQP	DAGVIQSPRHEVTEMGQEVTLRCKPISGHNSLFWYRQTMMRGLELLIYFNNNVPIDDSGMPEDRFSAKMPNASFSTLKIQPSEPRDSAVYFCASSL	QETQYFGPGTRLLVL	AQKVTQAQTEISVVEKEDVTLDCVYETRDTTYYLFWYKQPPSGELVFLIRRNSFDEQNEISGRYSWNFQKSTSSFNFTITASQVVDSAVYFCALSDGYSGGGADGLTFGKGTHLIIQP	DAGVIQSPRHEVTEMGQEVTLRCKPISGHNSLFWYRQTMMRGLELLIYFNNNVPIDDSGMPEDRFSAKMPNASFSTLKIQPSEPRDSAVYFCASRPDGRETQYFGPGTRLLVL
LLWNGPMAV	NS4B	YFV	CAIDNAGNMLTF	CASSQTATTGPGSPLHF	TRAJ39*01	TRBJ1-6*01	TRAV38-1*01	TRBV6-1*01	HLA-A*02:01	1	AQTVTQSQPEMSVQEAETVTLSCTYDTSENNYYLFWYKQPPSRQMILVIRQEAYKQQNATENRFSVNFQKAAKSFSLKISDSQLGDTAMYFCAFMK	NNNAGNMLTFGGGTRLMVKP	NAGVTQTPKFQVLKTGQSMTLQCAQDMNHNSMYWYRQDPGMGLRLIYYSASEGTTDKGEVPNGYNVSRLNKREFSLRLESAAPSQTSVYFCASSE	SYNSPLHFGNGTRLTVT	AQTVTQSQPEMSVQEAETVTLSCTYDTSENNYYLFWYKQPPSRQMILVIRQEAYKQQNATENRFSVNFQKAAKSFSLKISDSQLGDTAMYFCAIDNAGNMLTFGGGTRLMVKP	NAGVTQTPKFQVLKTGQSMTLQCAQDMNHNSMYWYRQDPGMGLRLIYYSASEGTTDKGEVPNGYNVSRLNKREFSLRLESAAPSQTSVYFCASSQTATTGPGSPLHFGNGTRLTVT
