name,mhc.a,cdr3.alpha,cdr3.beta,recognition,nonfunctional,v.alpha,j.alpha,v.beta,j.beta
TCR01_alpha,HLA-A*02:01,CAGFDMNYGGSQGNLIF,CASNMWGMGGNEQFF,1,none,TRAV35,TRAJ42,TRBV9,TRBJ2-1
TCR01_alpha,HLA-A*02:01,CAAPPSPNAGGTSYGKLTF,CASNMWGMGGNEQFF,0,alpha,TRAV29/DV5,TRAJ52,TRBV9,TRBJ2-1
TCR02_alpha,HLA-A*02:01,CALSEGVGGSYIPTF,CASSLFAGTNYEQYF,1,none,TRAV19,TRAJ6,TRBV7-2,TRBJ2-7
TCR02_alpha,HLA-A*02:01,CALSRDSSASKIIF,CASSLFAGTNYEQYF,0,alpha,TRAV19,TRAJ3,TRBV7-2,TRBJ2-7
TCR03_alpha,HLA-A*02:01,CAALISNFGNEKLTF,CASSVFIAGGFDEQFF,1,none,TRAV29/DV5,TRAJ48,TRBV9,TRBJ2-1
TCR03_alpha,HLA-A*02:01,CAASGPFRNSNSGYALNF,CASSVFIAGGFDEQFF,0,alpha,TRAV29/DV5,TRAJ41,TRBV9,TRBJ2-1
TCR04_alpha,HLA-A*02:01,CAFMIGRNDMRF,CASSFGHGVGPQHF,1,none,TRAV38-1,TRAJ43,TRBV28,TRBJ1-5
TCR04_alpha,HLA-A*02:01,CLLGGGGGGSNYKLTF,CASSFGHGVGPQHF,0,alpha,TRAV40,TRAJ53,TRBV28,TRBJ1-5
TCR05_alpha,HLA-A*02:01,CAIYGGSQGNLIF,CASTQGRTSYEQYF,1,none,TRAV24,TRAJ42,TRBV5-4,TRBJ2-7
TCR05_alpha,HLA-A*02:01,CASSPGGGADGLTF,CASTQGRTSYEQYF,0,alpha,TRAV38-2/DV8,TRAJ45,TRBV5-4,TRBJ2-7
TCR06_alpha,HLA-A*02:01,CATDDVTNDYKLSF,CASSWWTGGEETQYF,1,none,TRAV17,TRAJ20,TRBV5-6,TRBJ2-5
TCR06_alpha,HLA-A*02:01,CASKPPGNTPLVF,CASSWWTGGEETQYF,0,alpha,TRAV38-1,TRAJ29,TRBV5-6,TRBJ2-5
TCR07_alpha,HLA-A*02:01,CAILRYNNDMRF,CASSEEPAYGYTF,1,none,TRAV14/DV4,TRAJ43,TRBV6-1,TRBJ1-2
TCR07_alpha,HLA-A*02:01,CALSDPGGATNKLIF,CASSEEPAYGYTF,0,alpha,TRAV9-2,TRAJ32,TRBV6-1,TRBJ1-2
TCR08_alpha,HLA-A*02:01,CAVGIQGAQKLVF,CASSPLGNPNEKLFF,1,none,TRAV41,TRAJ54,TRBV9,TRBJ1-4
TCR08_alpha,HLA-A*02:01,CAMSFGGSNYKLTF,CASSPLGNPNEKLFF,0,alpha,TRAV12-3,TRAJ53,TRBV9,TRBJ1-4
TCR09_alpha,HLA-A*02:01,CAEIADGQKLLF,CASSPGGLAGEQYF,1,none,TRAV5,TRAJ16,TRBV9,TRBJ2-7
TCR09_alpha,HLA-A*02:01,CAVLTGGFKTIF,CASSPGGLAGEQYF,0,alpha,TRAV2,TRAJ9,TRBV9,TRBJ2-7
TCR10_alpha,HLA-A*02:01,CAFMNPNSGYALNF,CATSDWDYGYTF,1,none,TRAV38-1,TRAJ41,TRBV24-1,TRBJ1-2
TCR10_alpha,HLA-A*02:01,CAVDRPYGGATNKLIF,CATSDWDYGYTF,0,alpha,TRAV39,TRAJ32,TRBV24-1,TRBJ1-2
TCR11_beta,HLA-A*02:01,CAASGNQFYF,CASSFGLGYEQYF,1,none,TRAV29/DV5,TRAJ49,TRBV19,TRBJ2-7
TCR11_beta,HLA-A*02:01,CAASGNQFYF,CASTPGGPPDTQYF,0,beta,TRAV29/DV5,TRAJ49,TRBV5-1,TRBJ2-3
